City_ID,City,Lat,Lng,Max Temp,Humidity,Cloudiness,Wind Speed,Country,Date
0,scarborough,54.2797,-0.4044,11.3,87,100,2.68,GB,1681677796
1,yanam,16.7333,82.2167,24.79,85,23,1.39,IN,1681677816
2,kapaa,22.0752,-159.319,26.99,80,100,3.09,US,1681677816
3,bredasdorp,-34.5322,20.0403,13.99,86,0,1.28,ZA,1681677817
4,mataura,-46.1927,168.8643,11.38,68,14,1.26,NZ,1681677817
5,jamestown,42.097,-79.2353,25.29,41,75,5.66,US,1681677817
6,punta arenas,-53.15,-70.9167,7.06,53,75,9.26,CL,1681677817
7,avarua,-21.2078,-159.775,25.03,53,40,2.57,CK,1681677818
8,albany,42.6001,-73.9662,24.24,61,83,1.34,US,1681677818
9,mikhaylovka,50.06,43.2379,4.83,51,17,2.16,RU,1681677818
10,cabedelo,-6.9811,-34.8339,25.37,82,100,4.81,BR,1681677687
11,hilo,19.7297,-155.09,26.82,80,40,5.14,US,1681677818
12,airai,-8.9266,125.4092,15.63,96,100,0.7,TL,1681677819
13,bluff,-46.6,168.3333,11.56,70,66,3.98,NZ,1681677819
14,rikitea,-23.1203,-134.9692,26.52,82,5,6.89,PF,1681677819
15,dawson,31.7735,-84.4466,23.21,82,82,7.05,US,1681677819
16,kitimat,54.0524,-128.6534,6.21,29,100,1.43,CA,1681677820
17,oktyabrskoye,43.0645,44.7417,1.08,93,58,4.0,RU,1681677820
18,codrington,-38.2667,141.9667,11.25,89,45,4.96,AU,1681677820
19,vaini,-21.2,-175.2,26.09,78,75,6.69,TO,1681677820
20,hofn,64.2539,-15.2082,7.55,95,100,4.44,IS,1681677821
21,apache junction,33.4151,-111.5496,32.35,11,0,4.47,US,1681677821
22,carnarvon,-24.8667,113.6333,20.69,34,22,4.5,AU,1681677821
23,clyde river,70.4692,-68.5914,-14.87,78,0,7.72,CA,1681677822
24,kaitangata,-46.2817,169.8464,11.09,65,1,1.96,NZ,1681677822
25,lagoa,39.05,-27.9833,15.11,69,7,7.58,PT,1681677822
26,ishinomaki,38.4167,141.3,7.09,67,91,10.12,JP,1681677822
27,mahebourg,-20.4081,57.7,25.16,88,40,1.03,MU,1681677823
28,hobart,-42.8794,147.3294,10.14,80,75,3.09,AU,1681677544
29,vasai,19.47,72.8,29.05,68,4,3.85,IN,1681677824
30,nikolskoye,59.7035,30.7861,7.67,60,100,1.32,RU,1681677824
31,souillac,-20.5167,57.5167,25.21,88,40,1.03,MU,1681677824
32,thompson,55.7435,-97.8558,4.09,35,40,2.06,CA,1681677824
33,iqaluit,63.7506,-68.5145,-13.15,78,40,10.29,CA,1681677825
34,namibe,-15.1961,12.1522,23.99,79,13,1.59,AO,1681677825
35,leningradskiy,69.3833,178.4167,-15.68,91,36,2.03,RU,1681677825
36,pevek,69.7008,170.3133,-17.74,90,97,1.05,RU,1681677825
37,lebu,-37.6167,-73.65,12.51,71,22,8.86,CL,1681677826
38,narsaq,60.9167,-46.05,11.12,70,45,3.66,GL,1681677826
39,busselton,-33.65,115.3333,17.72,82,76,4.92,AU,1681677826
40,caravelas,-17.7125,-39.2481,25.58,77,14,4.85,BR,1681677827
41,butaritari,3.0707,172.7902,27.87,77,100,5.15,KI,1681677827
42,merrill,45.1805,-89.6835,3.53,97,100,6.69,US,1681677827
43,ponta do sol,32.6667,-17.1,19.84,79,35,1.86,PT,1681677827
44,new norfolk,-42.7826,147.0587,9.95,77,56,1.27,AU,1681677828
45,atuona,-9.8,-139.0333,27.52,79,18,9.06,PF,1681677828
46,arraial do cabo,-22.9661,-42.0278,24.98,78,20,4.63,BR,1681677828
47,saint-philippe,-21.3585,55.7679,23.77,81,34,3.02,RE,1681677828
48,vila velha,-20.3297,-40.2925,25.97,87,20,5.66,BR,1681677829
49,hermanus,-34.4187,19.2345,13.78,72,0,3.21,ZA,1681677829
50,razdolinsk,58.4211,94.6658,-13.73,100,99,0.93,RU,1681677829
51,pinega,64.7001,43.3936,-0.34,96,100,1.35,RU,1681677829
52,severo-kurilsk,50.6789,156.125,0.14,97,100,18.11,RU,1681677830
53,tarrafal,15.2833,-23.7667,25.44,84,22,6.5,CV,1681677830
54,sorland,67.667,12.6934,5.92,84,98,4.28,NO,1681677830
55,gornopravdinsk,60.05,69.9,-15.48,82,56,3.68,RU,1681677830
56,huicungo,-7.2833,-76.8,30.42,57,99,1.01,PE,1681677831
57,port alfred,-33.5906,26.891,15.1,84,2,5.05,ZA,1681677831
58,mayo,38.8876,-76.5119,27.85,63,0,4.12,US,1681677546
59,redding,40.5865,-122.3917,21.06,43,0,7.2,US,1681677539
60,yellowknife,62.456,-114.3525,5.31,48,40,7.6,CA,1681677831
61,luderitz,-26.6481,15.1594,21.29,39,2,0.98,NA,1681677832
62,cape town,-33.9258,18.4232,19.1,81,0,5.14,ZA,1681677716
63,salalah,17.0151,54.0924,28.05,83,20,2.57,OM,1681677832
64,lasa,46.6166,10.7002,7.49,94,88,2.84,IT,1681677832
65,lompoc,34.6391,-120.4579,14.23,79,100,2.68,US,1681677833
66,senneterre,48.3835,-77.2328,21.78,57,80,3.1,CA,1681677833
67,ushuaia,-54.8,-68.3,3.79,87,40,8.23,AR,1681677413
68,gazanjyk,39.2446,55.5154,10.3,33,8,3.81,TM,1681677833
69,yar-sale,66.8333,70.8333,-24.85,85,22,4.62,RU,1681677833
70,talnakh,69.4865,88.3972,-22.11,82,11,0.86,RU,1681677834
71,castro,-24.7911,-50.0119,18.46,88,26,1.77,BR,1681677834
72,kodiak,57.79,-152.4072,3.73,65,100,7.2,US,1681677834
73,januaria,-15.4833,-44.3667,30.09,41,34,3.29,BR,1681677835
74,kahului,20.8947,-156.47,28.01,58,20,1.54,US,1681677504
75,bethel,41.3712,-73.414,21.87,72,75,5.14,US,1681677835
76,bellevue,47.6104,-122.2007,9.44,89,100,7.2,US,1681677161
77,hambantota,6.1241,81.1185,26.2,82,6,1.36,LK,1681677835
78,trinidad,-14.8333,-64.9,29.99,70,40,2.57,BO,1681677667
79,kabo,7.6994,18.629,25.16,71,81,2.3,CF,1681677836
80,rosario,-32.9468,-60.6393,17.95,48,0,3.6,AR,1681677620
81,chauk,20.8833,94.8167,28.98,55,0,3.45,MM,1681677836
82,bengkulu,-3.8004,102.2655,24.22,90,100,1.68,ID,1681677837
83,dikson,73.5069,80.5464,-18.54,100,100,3.97,RU,1681677837
84,bahia honda,22.9036,-83.1592,30.39,55,11,1.66,CU,1681677837
85,trelew,-43.249,-65.3051,16.86,32,5,6.25,AR,1681677716
86,kattivakkam,13.2167,80.3167,29.05,86,33,4.5,IN,1681677838
87,dunedin,-45.8742,170.5036,13.93,52,3,1.27,NZ,1681677580
88,merauke,-8.4667,140.3333,26.87,80,81,0.48,ID,1681677838
89,iskateley,67.6803,53.1512,-7.8,95,95,2.43,RU,1681677838
90,georgetown,5.4112,100.3354,27.97,89,20,1.03,MY,1681677839
91,aklavik,68.2191,-135.0107,-11.77,91,100,6.97,CA,1681677742
92,kavieng,-2.5744,150.7967,27.45,79,100,3.35,PG,1681677839
93,kangaatsiaq,68.3065,-53.4641,-4.98,81,100,7.63,GL,1681677839
94,ahipara,-35.1667,173.1667,18.43,78,100,8.0,NZ,1681677840
95,inuvik,68.3499,-133.7218,-9.44,78,100,4.63,CA,1681677611
96,whyalla,-33.0333,137.5833,14.55,63,1,2.7,AU,1681677840
97,bilibino,68.0546,166.4372,-14.0,71,77,1.16,RU,1681677841
98,bambous virieux,-20.3428,57.7575,25.14,88,40,1.03,MU,1681677841
99,tuy hoa,13.0833,109.3,24.79,92,100,1.17,VN,1681677841
100,shizilu,35.1711,118.8289,10.81,48,33,3.34,CN,1681677842
101,liverpool,53.4106,-2.9779,12.08,90,75,2.06,GB,1681677843
102,kirakira,-10.4544,161.9205,26.42,80,92,1.98,SB,1681677844
103,saldanha,-33.0117,17.9442,17.03,69,0,5.65,ZA,1681677844
104,zyryanka,65.75,150.85,-10.43,91,91,1.14,RU,1681677844
105,puerto ayora,-0.7393,-90.3518,28.98,88,100,3.58,EC,1681677844
106,bonthe,7.5264,-12.505,27.34,84,65,4.47,SL,1681677845
107,wattegama,6.7989,81.4808,23.58,93,4,0.59,LK,1681677845
108,virpur,23.1833,73.4833,27.59,30,3,2.86,IN,1681677845
109,tuktoyaktuk,69.4541,-133.0374,-9.0,79,75,3.09,CA,1681677845
110,hithadhoo,-0.6,73.0833,28.61,67,93,1.82,MV,1681677846
111,naze,28.3667,129.4833,18.51,79,36,3.09,JP,1681677846
112,nome,64.5011,-165.4064,-13.96,78,0,0.0,US,1681677388
113,mujiayingzi,42.1167,118.7833,7.54,31,97,4.77,CN,1681677846
114,usinsk,65.9939,57.5281,-1.93,97,100,3.96,RU,1681677847
115,kyaukse,21.6,96.1333,29.74,33,17,3.15,MM,1681677847
116,nanortalik,60.1432,-45.2371,1.86,81,93,1.11,GL,1681677847
117,cidreira,-30.1811,-50.2056,21.94,85,52,2.84,BR,1681677847
118,astoria,46.1879,-123.8313,9.84,84,100,4.47,US,1681677849
119,comodoro rivadavia,-45.8667,-67.5,14.92,38,0,3.6,AR,1681677849
120,cherskiy,68.75,161.3,-9.43,75,30,2.16,RU,1681677850
121,sakakah,29.9697,40.2064,20.76,36,0,5.6,SA,1681677850
122,vytegra,61.0064,36.4481,1.13,89,100,2.17,RU,1681677851
123,madhugiri,13.6606,77.2092,24.92,29,0,2.93,IN,1681677852
124,aksu,41.1231,80.2644,16.87,29,100,0.67,CN,1681677853
125,te anau,-45.4167,167.7167,11.82,79,92,0.89,NZ,1681677853
126,sitka,57.0531,-135.33,7.94,57,75,3.6,US,1681677711
127,touros,-5.1989,-35.4608,26.37,85,100,4.34,BR,1681677853
128,jacarezinho,-23.1606,-49.9694,22.59,83,22,1.12,BR,1681677783
129,namtsy,62.7161,129.6658,-1.73,96,100,4.14,RU,1681677854
130,nabire,-3.3667,135.4833,23.97,90,91,1.31,ID,1681677854
131,san rafael del sur,11.8485,-86.4384,33.54,26,49,4.09,NI,1681677854
132,qaanaaq,77.484,-69.3632,-15.52,88,5,1.18,GL,1681677855
133,kingston,17.997,-76.7936,30.53,67,20,7.72,JM,1681677856
134,faanui,-16.4833,-151.75,27.39,72,6,1.71,PF,1681677856
135,zhezkazgan,47.8043,67.7144,2.03,92,100,7.06,KZ,1681677858
136,requena,39.4883,-1.1004,10.84,46,0,0.5,ES,1681677859
137,maine-soroa,13.2114,12.0241,30.06,9,48,2.68,NE,1681677860
138,savalou,7.9281,1.9756,27.37,73,99,2.93,BJ,1681677861
139,brindisi,40.5833,17.6667,11.91,91,24,4.7,IT,1681677861
140,gushikawa,26.3544,127.8686,21.0,81,0,3.09,JP,1681677862
141,vila franca do campo,37.7167,-25.4333,17.23,93,8,3.56,PT,1681677862
142,burnie,-41.0667,145.9167,11.64,89,92,5.19,AU,1681677863
143,chalus,36.655,51.4204,10.7,100,100,3.09,IR,1681677864
144,aleksandro-nevskiy,53.4751,40.2095,6.53,40,99,1.59,RU,1681677864
145,meulaboh,4.1363,96.1285,25.02,89,93,1.59,ID,1681677864
146,arlit,18.7369,7.3853,30.97,10,4,4.51,NE,1681677865
147,jackson,42.4165,-122.8345,16.2,55,100,2.57,US,1681677719
148,longyearbyen,78.2186,15.6401,3.91,70,75,6.69,SJ,1681677865
149,viedma,-40.8135,-62.9967,18.77,26,72,4.39,AR,1681677865
150,sabzevar,36.2126,57.6819,14.1,39,100,5.14,IR,1681677866
151,hovd,48.0056,91.6419,3.77,35,7,1.44,MN,1681677866
152,godda,24.8333,87.2167,29.66,22,27,2.04,IN,1681677866
153,saskylakh,71.9167,114.0833,-12.07,96,100,4.67,RU,1681677867
154,bud,39.447,-86.1758,9.97,81,100,8.45,US,1681677868
155,kununurra,-15.7667,128.7333,21.99,60,18,2.57,AU,1681677868
156,sheregesh,52.9209,87.9869,-10.3,98,93,1.49,RU,1681677869
157,cap malheureux,-19.9842,57.6142,24.7,81,12,1.34,MU,1681677869
158,cockburn town,21.4612,-71.1419,26.98,65,75,7.72,TC,1681677869
159,laguna,38.421,-121.4238,20.6,50,0,6.69,US,1681677661
160,altay,47.8667,88.1167,0.92,58,8,2.39,CN,1681677870
161,ikwiriri,-7.9562,38.9716,22.57,98,98,1.43,TZ,1681677870
162,dawlatabad,36.4141,64.9053,18.07,30,100,2.52,AF,1681677870
163,sao bernardo do campo,-23.6939,-46.565,25.69,83,0,5.66,BR,1681677786
164,san patricio,28.017,-97.5169,26.94,30,0,6.64,US,1681677871
165,cuencame,24.8711,-103.6964,29.4,10,4,3.98,MX,1681677871
166,paramirim,-13.4425,-42.2389,30.51,29,100,2.52,BR,1681677871
167,linjiang,41.8069,126.9078,2.44,92,52,1.02,CN,1681677872
168,manaure,11.7751,-72.4445,30.36,57,93,6.65,CO,1681677872
169,northam,51.0333,-4.2167,11.81,91,90,1.79,GB,1681677873
170,milkovo,54.7167,158.6167,-1.77,92,100,1.61,RU,1681677873
171,okhotsk,59.3833,143.3,-5.39,95,100,1.32,RU,1681677873
172,mill valley,37.906,-122.545,18.35,62,61,4.02,US,1681677873
173,kabare,-2.4683,28.8242,15.95,98,86,0.62,CD,1681677873
174,mar del plata,-38.0023,-57.5575,15.01,64,0,4.63,AR,1681677874
175,cairns,-16.9167,145.7667,26.15,97,100,0.51,AU,1681677874
176,constitucion,-35.3333,-72.4167,14.59,69,0,4.8,CL,1681677874
177,khatanga,71.9667,102.5,-11.63,95,100,5.09,RU,1681677875
178,turukhansk,65.8167,87.9833,-18.17,85,32,2.28,RU,1681677875
179,aljezur,37.3191,-8.8033,15.65,77,0,1.51,PT,1681677875
180,novobiryusinskiy,56.9578,97.7076,-5.69,94,99,2.43,RU,1681677875
181,eureka,40.8021,-124.1637,12.34,82,94,4.61,US,1681677783
182,cabo san lucas,22.8909,-109.9124,28.12,47,0,6.69,MX,1681677722
183,gao,16.6362,1.637,29.62,7,0,5.05,ML,1681677876
184,jojoima,7.8792,-10.7878,24.02,88,100,3.62,SL,1681677876
185,otradnoye,59.7775,30.8181,7.76,60,100,1.31,RU,1681677877
186,sao joao da barra,-21.6403,-41.0511,26.05,87,34,4.65,BR,1681677877
187,berlin,52.5244,13.4105,9.43,92,75,4.63,DE,1681677403
188,novoseleznevo,55.6821,69.2056,-2.05,59,3,4.89,RU,1681677878
189,qasigiannguit,68.8193,-51.1922,-2.86,95,28,1.38,GL,1681677878
190,villa carlos paz,-31.4241,-64.4978,18.92,43,100,3.58,AR,1681677878
191,erzin,36.9559,36.2,18.37,51,100,1.31,TR,1681677878
192,chokurdakh,70.6333,147.9167,-19.03,99,55,1.84,RU,1681677878
193,svetlyy,54.675,20.1347,6.03,95,100,2.59,RU,1681677879
194,yazoo city,32.8551,-90.4056,19.39,43,52,6.14,US,1681677879
195,veraval,20.9,70.3667,25.75,78,0,4.27,IN,1681677879
196,varzelandia,-15.7014,-44.0275,26.26,51,76,3.59,BR,1681677879
197,upernavik,72.7868,-56.1549,-12.74,93,99,4.54,GL,1681677880
198,lakatoro,-16.0999,167.4164,27.23,77,96,1.65,VU,1681677880
199,ixtapa,20.7,-105.2,26.57,74,40,6.69,MX,1681677880
200,provideniya,64.3833,-173.3,-5.94,53,0,2.0,RU,1681677880
201,barrow,71.2906,-156.7887,-20.99,84,40,4.12,US,1681677881
202,saint george,37.1041,-113.5841,25.8,14,0,2.06,US,1681677661
203,santa rosalia,27.3167,-112.2833,22.18,33,1,2.77,MX,1681677881
204,maneromango,-7.1988,38.7848,21.58,96,100,1.52,TZ,1681677881
205,gunjur,13.2019,-16.7339,26.04,65,18,0.0,GM,1681677881
206,ribeira grande,38.5167,-28.7,16.22,67,20,6.17,PT,1681677882
207,ricardo palma,-11.9181,-76.6664,23.28,84,100,2.46,PE,1681677882
208,zhigansk,66.7697,123.3711,-12.44,99,98,2.29,RU,1681677882
209,lorengau,-2.0226,147.2712,25.97,86,100,2.0,PG,1681677882
210,osoyoos,49.0331,-119.4524,13.42,47,100,5.66,CA,1681677688
211,mayumba,-3.432,10.6554,25.98,85,100,1.51,GA,1681677883
212,sao filipe,14.8961,-24.4956,24.86,72,10,3.79,CV,1681677883
213,bilma,18.6853,12.9164,30.5,9,100,3.04,NE,1681677884
214,hasaki,35.7333,140.8333,10.68,75,100,5.91,JP,1681677884
215,saint anthony,45.0205,-93.218,1.07,90,100,10.8,US,1681677884
216,vyazma,55.2104,34.2951,6.94,67,100,0.76,RU,1681677884
217,kirovsk,48.6375,38.6428,4.67,57,100,4.04,UA,1681677884
218,teya,60.3778,92.6267,-18.62,100,99,1.14,RU,1681677885
219,mount gambier,-37.8333,140.7667,12.66,93,62,3.23,AU,1681677885
220,ankang,32.68,109.0172,18.37,62,76,1.21,CN,1681677885
221,tiksi,71.6872,128.8694,-16.87,100,100,2.26,RU,1681677885
222,beringovskiy,63.05,179.3167,-11.43,93,74,1.02,RU,1681677886
223,flin flon,54.7682,-101.865,8.91,46,20,3.09,CA,1681677886
224,qixia,37.2975,120.8256,7.95,46,70,3.09,CN,1681677886
225,labrea,-7.2586,-64.7981,31.02,59,100,0.83,BR,1681677886
226,doha,25.2867,51.5333,22.99,48,0,3.6,QA,1681677833
227,portland,45.5234,-122.6762,11.32,85,100,5.66,US,1681677880
228,asau,46.4333,26.4,9.6,98,100,2.14,RO,1681677887
229,wencheng,33.0559,113.7978,17.81,80,2,2.5,CN,1681677887
230,iberia,29.9502,-91.7507,22.0,40,0,6.17,US,1681677887
231,aldama,22.9167,-98.0667,26.32,46,12,10.39,MX,1681677888
232,acapulco,16.8634,-99.8901,29.9,66,0,2.06,MX,1681677590
233,buala,-8.145,159.5921,26.83,77,63,2.16,SB,1681677888
234,beaufort,5.3473,115.7455,24.14,93,100,0.98,MY,1681677888
235,garowe,8.4054,48.4845,25.2,67,6,6.09,SO,1681677889
236,kasongo-lunda,-6.4667,16.8167,21.9,98,100,0.31,CD,1681677889
237,tuatapere,-46.1333,167.6833,12.76,77,79,2.37,NZ,1681677889
238,nchelenge,-9.3451,28.734,19.71,91,86,3.77,ZM,1681677889
239,manyana,-23.4,21.7167,19.93,46,54,2.06,BW,1681677890
240,poya,-21.35,165.15,25.9,88,100,1.35,NC,1681677890
241,port elizabeth,-33.918,25.5701,15.05,92,0,0.45,ZA,1681677890
242,araouane,18.9048,-3.5265,28.81,6,0,3.26,ML,1681677890
243,port lincoln,-34.7333,135.8667,14.78,88,3,5.15,AU,1681677891
244,puro,12.4841,123.3827,27.04,77,71,1.23,PH,1681677891
245,davila,18.4726,120.5763,25.83,82,99,3.12,PH,1681677891
246,san cristobal,7.7669,-72.225,27.1,53,100,2.15,VE,1681677891
247,vertientes,21.2594,-78.1464,32.34,65,80,2.83,CU,1681677892
248,bubaque,11.2833,-15.8333,26.13,75,7,7.99,GW,1681677892
249,tomatlan,19.9333,-105.25,36.95,24,1,6.01,MX,1681677892
250,kruisfontein,-34.0033,24.7314,13.82,80,0,1.67,ZA,1681677892
251,kavaratti,10.5669,72.642,28.45,74,0,2.96,IN,1681677893
252,north bend,43.4065,-124.2243,10.69,92,100,5.66,US,1681677893
253,maningrida,-12.0667,134.2667,24.5,92,100,4.25,AU,1681677893
254,belle fourche,44.6714,-103.8522,15.75,22,5,2.94,US,1681677893
255,esperance,-33.8667,121.9,15.97,71,0,4.49,AU,1681677893
256,papa,47.33,17.4674,8.96,81,0,3.09,HU,1681677894
257,east london,-33.0153,27.9116,17.47,78,6,3.69,ZA,1681677894
258,nenjiang,49.1833,125.2167,2.75,68,50,2.38,CN,1681677894
259,kathu,7.9178,98.3332,25.9,75,99,4.97,TH,1681677894
260,najran,17.4924,44.1277,20.36,49,25,0.24,SA,1681677895
261,klaksvik,62.2266,-6.589,8.51,98,96,7.78,FO,1681677895
262,mingshui,36.7167,117.5,13.63,50,73,3.83,CN,1681677895
263,pisco,-13.7,-76.2167,27.03,61,86,11.32,PE,1681677894
264,shuyskoye,59.3736,41.0305,4.03,61,100,1.27,RU,1681677896
265,meadow lake,34.8014,-106.5436,21.78,11,0,2.6,US,1681677896
266,petropavlovsk-kamchatskiy,53.0452,158.6483,-0.67,86,75,3.0,RU,1681677859
267,prostejov,49.4719,17.1118,11.04,80,94,0.45,CZ,1681677896
268,ulaanbaatar,47.9077,106.8832,-0.93,93,40,2.0,MN,1681677897
269,kindu,-2.95,25.95,21.59,99,98,1.32,CD,1681677897
270,guayaramerin,-10.8368,-65.3614,30.07,66,90,1.64,BO,1681677897
271,hereford,52.0568,-2.7148,11.86,88,96,0.85,GB,1681677897
272,segezha,63.7415,34.3222,-3.73,94,81,1.26,RU,1681677898
273,darovskoy,58.77,47.9564,2.31,85,99,1.65,RU,1681677898
274,gaoua,10.2992,-3.2508,32.87,29,99,1.75,BF,1681677898
275,blackfoot,43.1905,-112.345,17.71,39,90,5.6,US,1681677899
276,vao,-22.6667,167.4833,26.29,87,100,7.2,NC,1681677899
277,ancud,-41.8697,-73.8203,10.52,71,96,1.47,CL,1681677899
278,iquitos,-3.7481,-73.2472,30.02,79,75,1.54,PE,1681677322
279,luanda,-8.8368,13.2343,26.0,89,75,2.57,AO,1681677900
280,manzanillo,20.3433,-77.1167,28.99,64,59,4.54,CU,1681677655
281,praia,14.9215,-23.5087,25.3,65,0,8.23,CV,1681677900
282,whitehorse,60.7161,-135.0538,5.57,52,75,2.06,CA,1681677872
283,mahibadhoo,3.7833,72.9667,28.06,72,96,1.23,MV,1681677900
284,lixourion,38.2019,20.4314,13.62,83,100,7.27,GR,1681677901
285,ambovombe,-25.1667,46.0833,20.64,66,76,3.31,MG,1681677901
286,ocean city,39.2776,-74.5746,26.12,82,100,4.02,US,1681677901
287,moron,-34.6534,-58.6198,17.23,92,100,1.28,AR,1681677902
288,purpe,64.4803,76.6897,-19.67,85,100,9.21,RU,1681677902
289,manokwari,-0.8667,134.0833,25.75,78,53,2.53,ID,1681677904
290,ilulissat,69.2167,-51.1,-2.99,80,100,3.6,GL,1681677905
291,ostrovnoy,68.0531,39.5131,-5.26,90,5,4.78,RU,1681677908
292,port hueneme,34.1478,-119.1951,24.66,71,0,4.63,US,1681677628
293,puerto madryn,-42.7692,-65.0385,19.47,25,16,6.59,AR,1681677788
294,clarence town,-32.5833,151.7833,15.45,74,1,1.35,AU,1681677909
295,taltal,-25.4,-70.4833,19.68,68,17,2.64,CL,1681677910
296,aripuana,-9.1667,-60.6333,27.02,94,100,0.38,BR,1681677910
297,hamilton,39.1834,-84.5333,12.97,71,100,11.83,US,1681677421
298,tsiroanomandidy,-18.7667,46.0333,18.32,91,90,0.99,MG,1681677910
299,adrar,20.5022,-10.0711,30.57,14,13,4.61,MR,1681677912
300,kanpur,26.4667,80.35,30.6,18,67,3.13,IN,1681677912
301,vanavara,60.34,102.2797,-15.06,96,100,1.02,RU,1681677913
302,nurota,40.5614,65.6886,9.46,42,100,4.46,UZ,1681677913
303,baculin,7.4525,126.5842,25.04,87,42,1.45,PH,1681677913
304,komsomolskiy,40.4272,71.7189,15.4,51,75,2.06,UZ,1681677914
305,bratsk,56.1325,101.6142,-5.73,80,100,1.51,RU,1681677915
306,emba,48.8264,58.1442,-6.93,91,5,3.25,KZ,1681677916
307,yerofey pavlovich,53.9667,121.9667,-0.43,91,100,1.46,RU,1681677916
308,telenesti,47.4997,28.3656,11.55,84,100,4.89,MD,1681677916
309,caucaia,-3.7361,-38.6531,27.97,80,40,3.09,BR,1681677916
310,sisimiut,66.9395,-53.6735,-4.07,83,53,7.04,GL,1681677916
311,naousa,40.6329,22.0534,11.94,75,100,0.7,GR,1681677917
312,chuy,-33.6971,-53.4616,16.86,68,100,4.0,UY,1681677917
313,peniche,39.3558,-9.3811,16.36,81,3,5.89,PT,1681677678
314,victoria,22.2855,114.1577,25.18,86,4,2.24,HK,1681677761
315,portage,41.1667,-81.1998,21.48,73,100,2.57,US,1681677918
316,guerrero negro,27.9769,-114.0611,18.82,62,24,7.46,MX,1681677668
317,goundam,16.4145,-3.6708,29.08,7,0,3.4,ML,1681677918
318,bac lieu,9.285,105.7244,27.83,79,97,2.97,VN,1681677919
319,atkinson,42.8384,-71.147,21.16,77,100,4.12,US,1681677920
320,rocha,-34.4833,-54.3333,14.3,65,100,2.37,UY,1681677920
321,straumen,63.8709,11.2999,4.0,90,59,0.69,NO,1681677921
322,bonavista,48.6499,-53.1147,0.22,88,28,1.7,CA,1681677899
323,tadine,-21.55,167.8833,27.21,85,99,8.58,NC,1681677922
324,sayyan,15.1718,44.3244,16.81,53,37,0.42,YE,1681677922
325,torbay,47.6666,-52.7314,5.98,74,20,2.57,CA,1681677795
326,puerto escondido,15.85,-97.0667,30.46,66,40,2.57,MX,1681677728
327,verkhnevilyuysk,63.4453,120.3167,-7.1,97,100,0.34,RU,1681677923
328,hammerfest,70.6634,23.6821,1.25,100,75,2.57,NO,1681677923
329,casablanca,33.5928,-7.6192,20.74,60,0,2.68,MA,1681677782
330,rudsar,37.1376,50.288,10.99,91,100,3.8,IR,1681677924
331,coquimbo,-29.9533,-71.3436,19.85,55,0,5.66,CL,1681677772
332,haines junction,60.7522,-137.5108,4.97,45,99,2.06,CA,1681677925
333,dosso,13.049,3.1937,33.27,13,100,3.74,NE,1681677925
334,sherlovaya gora,50.5667,116.25,-2.98,51,98,3.1,RU,1681677926
335,flinders,-34.5833,150.8552,12.81,81,9,1.34,AU,1681677926
336,ivankiv,50.9386,29.8943,7.45,86,100,3.34,UA,1681677926
337,la palma,33.8464,-118.0467,24.95,66,75,3.6,US,1681677926
338,sao jose da coroa grande,-8.8978,-35.1478,26.62,81,47,3.57,BR,1681677927
339,wajima,37.4,136.9,8.26,74,100,4.91,JP,1681677927
340,sungaipenuh,-2.0833,101.3833,18.38,95,100,0.13,ID,1681677927
341,broome,42.2506,-75.833,25.39,52,75,4.63,US,1681677927
342,agirish,61.9247,63.0231,-16.04,97,69,1.3,RU,1681677928
343,seoul,37.5683,126.9778,6.69,90,0,2.57,KR,1681677711
344,rosetta,31.4044,30.4164,17.05,70,0,3.95,EG,1681677928
345,nalut,30.3333,10.85,16.06,51,0,9.19,LY,1681677929
346,anand,22.5667,72.9333,27.1,42,0,2.67,IN,1681677929
347,japura,-0.3167,102.35,22.8,96,100,1.11,ID,1681677930
348,henties bay,-22.116,14.2845,19.65,63,47,1.61,NA,1681677931
349,sivaki,52.6333,126.75,1.31,61,100,3.39,RU,1681677931
350,deputatskiy,69.3,139.9,-17.82,99,98,1.08,RU,1681677932
351,bima,-8.4667,118.7167,24.1,95,69,1.44,ID,1681677932
352,antigonish,45.6169,-61.9986,10.08,83,99,2.68,CA,1681677755
353,iralaya,15.0,-83.2333,28.36,67,6,4.02,HN,1681677933
354,sidmouth,50.6909,-3.2397,11.68,89,14,1.44,GB,1681677933
355,egvekinot,66.3167,-179.1667,-13.37,75,11,0.42,RU,1681677933
356,gimli,50.6336,-96.9907,2.01,64,0,6.69,CA,1681677933
357,mabaruma,8.2,-59.7833,28.17,62,92,2.82,GY,1681677934
358,santa cruz,-17.8,-63.1667,26.7,73,75,4.63,BO,1681677934
359,ambilobe,-13.2,49.05,22.67,94,7,1.23,MG,1681677934
360,yerbogachen,61.2767,108.0108,-22.16,100,19,1.7,RU,1681677934
361,colomi,-17.35,-65.8667,25.01,70,70,2.82,BO,1681677934
362,anadyr,64.75,177.4833,-16.72,84,0,2.0,RU,1681677935
363,batagay,67.6333,134.6333,-10.19,100,96,0.92,RU,1681677935
364,vanimo,-2.6741,141.3028,25.39,89,100,1.74,PG,1681677935
365,champerico,14.3,-91.9167,37.3,54,2,6.55,GT,1681677936
366,susanville,40.4163,-120.653,15.91,37,0,3.6,US,1681677936
367,svetlogorsk,52.6333,29.7333,7.11,85,100,2.99,BY,1681677938
368,kloulklubed,7.0419,134.2556,24.28,69,100,3.3,PW,1681677938
369,fairbanks,64.8378,-147.7164,-0.6,63,75,2.06,US,1681677855
370,konongo,6.6167,-1.2167,23.18,95,100,1.05,GH,1681677938
371,krasnoselkup,65.7,82.4667,-19.09,90,37,5.86,RU,1681677939
372,dharchula,29.85,80.5333,17.84,33,4,3.78,IN,1681677939
373,ternate,0.8,127.4,27.18,77,76,1.88,ID,1681677939
374,amapa,1.0,-52.0,23.38,95,100,0.76,BR,1681677878
375,merano,46.6682,11.1595,14.64,83,75,3.1,IT,1681677824
376,soyo,-6.1349,12.3689,25.66,86,92,2.86,AO,1681677940
377,ipixuna,-1.7625,-48.8043,25.26,93,100,1.74,BR,1681677940
378,zhangjiakou,40.81,114.8794,8.82,36,13,3.2,CN,1681677941
379,morondava,-20.2833,44.2833,25.43,78,0,1.88,MG,1681677941
380,lucea,18.451,-78.1736,29.92,72,19,1.27,JM,1681677941
381,auki,-8.7676,160.7034,26.6,79,94,1.65,SB,1681677942
382,road town,18.4167,-64.6167,29.05,65,40,5.14,VG,1681677421
383,aykhal,66.0,111.5,-8.81,98,100,2.41,RU,1681677942
384,athabasca,54.7169,-113.2854,16.23,42,0,6.21,CA,1681677943
385,yenagoa,4.9247,6.2642,26.1,82,99,2.4,NG,1681677943
386,ambagarh chauki,20.7833,80.7167,28.79,27,0,1.07,IN,1681677944
387,luwuk,-0.9516,122.7875,25.21,89,83,1.0,ID,1681677944
388,porto santo,33.072,-16.3415,18.21,72,40,5.66,PT,1681677944
389,dudinka,69.4058,86.1778,-21.88,100,56,2.54,RU,1681677944
390,beloha,-25.1667,45.05,18.79,69,64,2.61,MG,1681677945
391,beyneu,45.3167,55.2,3.51,43,0,2.98,KZ,1681677678
392,vestmannaeyjar,63.4427,-20.2734,8.7,96,100,15.38,IS,1681677945
393,uarini,-2.99,-65.1083,27.26,92,99,0.86,BR,1681677946
394,havre-saint-pierre,50.2334,-63.5986,2.2,64,100,3.09,CA,1681677946
395,traiguen,-38.25,-72.6833,14.22,46,0,6.04,CL,1681677946
396,kieta,-6.2167,155.6333,26.26,69,69,1.05,PG,1681677946
397,aleksandrovskoye,44.7142,43.0008,2.78,59,82,9.0,RU,1681677946
398,mecca,21.4267,39.8261,27.57,60,2,1.46,SA,1681677947
399,ucluelet,48.9329,-125.5528,6.72,90,100,4.59,CA,1681677947
400,fortuna,40.5982,-124.1573,12.19,74,95,3.0,US,1681677947
401,avera,33.194,-82.5271,25.86,65,94,6.06,US,1681677947
402,ambatofinandrahana,-20.55,46.8,14.03,96,19,1.86,MG,1681677948
403,boca do acre,-8.7522,-67.3978,28.35,82,100,0.38,BR,1681677948
404,gamarra,8.3228,-73.7427,33.85,45,98,1.07,CO,1681677948
405,russell,32.3502,-85.1999,24.6,68,0,2.57,US,1681677938
406,porto novo,6.4965,2.6036,29.9,79,91,3.41,BJ,1681677949
407,tigil,57.8,158.6667,-0.74,91,99,2.65,RU,1681677949
408,key west,24.5557,-81.7826,29.0,74,0,6.17,US,1681677881
409,vardo,70.3705,31.1107,-1.01,69,0,1.03,NO,1681677949
410,rafai,4.95,23.9167,22.0,87,84,1.24,CF,1681677950
411,nagato,34.3833,131.2,10.66,78,5,2.47,JP,1681677950
412,tual,-5.6667,132.75,28.4,75,23,3.13,ID,1681677950
413,rumonge,-3.9736,29.4386,21.14,86,64,1.46,BI,1681677951
414,port-cartier,50.0334,-66.8654,4.3,84,95,4.21,CA,1681677951
415,bulaevo,54.9056,70.4439,-1.58,58,69,3.95,KZ,1681677951
416,geraldton,-28.7667,114.6,12.23,94,100,2.57,AU,1681677951
417,ituporanga,-27.4144,-49.6025,19.3,99,80,0.34,BR,1681677952
418,assiniboia,49.6334,-105.9845,11.9,28,100,5.66,CA,1681677712
419,san-pedro,4.7485,-6.6363,27.36,85,52,3.48,CI,1681677952
420,carupano,10.6678,-63.2585,27.14,72,100,6.7,VE,1681677953
421,notre-dame-du-lac,47.6136,-68.7964,14.19,95,100,2.23,CA,1681677953
422,hohhot,40.8106,111.6522,10.16,50,0,2.0,CN,1681677953
423,kalmunai,7.4167,81.8167,25.93,83,4,2.79,LK,1681677953
424,victor harbor,-35.5667,138.6167,12.6,81,7,5.12,AU,1681677954
425,tautira,-17.7333,-149.15,27.36,77,42,4.06,PF,1681677954
426,port-gentil,-0.7193,8.7815,25.98,94,40,4.12,GA,1681677954
427,shenjiamen,29.9576,122.298,13.86,94,2,5.99,CN,1681677955
428,valkeala,60.9401,26.7979,3.22,44,0,0.51,FI,1681677955
429,plettenberg bay,-34.0527,23.3716,15.75,71,0,1.21,ZA,1681677955
430,ust-kulom,61.6864,53.6902,-0.83,92,100,2.49,RU,1681677955
431,abu kamal,34.4506,40.9171,22.05,30,0,2.23,SY,1681677955
432,bousso,10.4795,16.7117,31.84,26,72,2.49,TD,1681677956
433,rylsk,51.5655,34.6822,6.5,67,99,3.66,RU,1681677956
434,benton harbor,42.1167,-86.4542,8.36,80,100,10.8,US,1681677952
435,corning,42.1428,-77.0547,27.29,44,0,3.09,US,1681677916
436,sibolga,1.7427,98.7792,24.59,88,100,1.57,ID,1681677957
437,saint-joseph,-21.3667,55.6167,23.21,81,19,2.88,RE,1681677957
438,almenara,-16.1836,-40.6944,27.47,65,77,2.66,BR,1681677836
439,isangel,-19.55,169.2667,27.61,85,100,7.59,VU,1681677957
440,cordele,31.9635,-83.7824,24.28,80,100,5.14,US,1681677950
441,san quintin,30.4833,-115.95,16.98,69,0,7.81,MX,1681677958
442,bandarbeyla,9.4942,50.8122,27.44,71,19,3.14,SO,1681677958
443,san rafael,-34.6177,-68.3301,20.29,35,1,4.22,AR,1681677912
444,valleyview,55.0667,-117.2859,15.02,25,77,3.09,CA,1681677943
445,fort-shevchenko,44.5086,50.263,7.61,47,0,2.62,KZ,1681677959
446,hofu,34.05,131.5667,8.68,86,0,2.33,JP,1681677959
447,sistranda,63.7256,8.834,6.98,82,81,4.54,NO,1681677959
448,oum hadjer,13.2954,19.6966,34.57,17,72,2.52,TD,1681677960
449,bichena,10.45,38.2,14.74,74,98,1.45,ET,1681677960
450,gamba,-2.65,10.0,25.53,90,100,1.28,GA,1681677960
451,maltahohe,-24.8333,16.9833,21.49,33,54,2.33,NA,1681677960
452,angoche,-16.2325,39.9086,25.46,77,96,4.85,MZ,1681677961
453,acajutla,13.5928,-89.8275,30.9,59,97,3.68,SV,1681677961
454,ndele,8.4109,20.6473,25.38,69,100,3.04,CF,1681677961
455,piranhas,-16.4269,-51.8222,27.67,69,96,1.48,BR,1681677961
456,boone,39.0334,-92.3335,9.14,60,100,2.24,US,1681677962
457,kulhudhuffushi,6.6221,73.07,27.83,78,1,1.69,MV,1681677962
458,santa cruz de tenerife,28.4682,-16.2546,20.73,87,75,8.75,ES,1681677962
459,richards bay,-28.783,32.0377,17.86,86,0,2.62,ZA,1681677963
460,nara,34.6851,135.8049,10.28,63,90,3.5,JP,1681677963
461,humberto de campos,-2.5983,-43.4611,25.64,91,100,1.58,BR,1681677963
462,bangui,4.3612,18.555,23.1,94,94,0.72,CF,1681677964
463,klyuchi,52.2667,79.1667,-3.61,92,100,3.79,RU,1681677964
464,tilichiki,60.4667,166.1,-3.96,92,100,3.59,RU,1681677964
465,ust-maya,60.4167,134.5333,-3.36,84,87,3.3,RU,1681677965
466,karachi,24.9056,67.0822,25.9,73,100,3.6,PK,1681677965
467,dabakala,8.3667,-4.4333,31.01,43,100,1.86,CI,1681677965
468,srednekolymsk,67.45,153.6833,-9.91,86,31,0.64,RU,1681677965
469,padang,-0.9492,100.3543,25.44,84,100,1.04,ID,1681677966
470,nuuk,64.1835,-51.7216,1.34,80,20,6.17,GL,1681677711
471,poronaysk,49.2167,143.1167,-0.19,68,100,8.95,RU,1681677966
472,kenai,60.5544,-151.2583,6.05,60,0,3.09,US,1681677967
473,kysyl-syr,63.8986,122.7617,-2.1,96,100,3.28,RU,1681677967
474,saint-georges,12.0564,-61.7485,28.82,65,20,8.75,GD,1681677967
475,riyadh,24.6877,46.7219,22.08,54,100,1.59,SA,1681677855
476,jiamusi,46.8333,130.35,1.52,58,39,1.6,CN,1681677968
477,buraydah,26.326,43.975,21.25,65,50,3.49,SA,1681677969
478,den helder,52.9599,4.7593,8.34,93,100,4.92,NL,1681677969
479,bartica,6.4,-58.6167,28.18,82,96,2.01,GY,1681677970
480,san ramon,37.7799,-121.978,18.86,58,0,6.17,US,1681677730
481,high level,58.5169,-117.136,12.06,40,75,5.14,CA,1681677897
482,tasiilaq,65.6145,-37.6368,1.09,76,100,3.38,GL,1681677972
483,yunhe,34.0833,119.7167,11.42,53,8,5.59,CN,1681677973
484,yulara,-25.2406,130.9889,12.3,61,0,3.55,AU,1681677973
485,imbituba,-28.24,-48.6703,21.52,94,89,5.38,BR,1681677943
486,kandrian,-6.2167,149.55,24.96,83,79,2.23,PG,1681677974
487,the valley,18.217,-63.0578,28.23,74,40,5.14,AI,1681677975
488,olafsvik,64.8945,-23.7142,7.04,94,100,10.41,IS,1681677975
489,kerema,-7.9631,145.7785,25.03,82,94,1.41,PG,1681677975
490,rorvik,64.8621,11.2373,3.99,93,20,1.03,NO,1681677975
491,barcelos,41.5388,-8.6151,19.91,74,2,1.76,PT,1681677976
492,guerrero,17.6667,-100.0,32.75,22,35,1.29,MX,1681677976
493,honningsvag,70.9821,25.9704,2.86,87,75,1.54,NO,1681677976
494,zalantun,48.0,122.7167,2.28,48,93,1.3,CN,1681677976
495,lavrentiya,65.5833,-171.0,-13.82,86,22,0.41,RU,1681677977
496,kokoda,-8.8785,147.7407,22.74,85,100,0.94,PG,1681677977
497,eyl,7.9803,49.8164,27.64,73,54,4.77,SO,1681677977
498,bom jesus,-9.0744,-44.3586,30.0,35,64,2.01,BR,1681677791
499,calamar,10.2511,-74.9146,30.63,59,100,6.57,CO,1681677978
500,tura,25.5198,90.2201,25.77,36,7,2.77,IN,1681677978
501,charters towers,-20.1,146.2667,21.39,67,96,3.63,AU,1681677978
502,isabela,6.7085,121.9711,26.38,81,98,1.44,PH,1681677978
503,asfi,32.2994,-9.2372,19.17,63,0,5.47,MA,1681677979
504,basco,20.4487,121.9702,25.62,85,97,6.21,PH,1681677979
505,brae,60.3964,-1.353,7.46,94,82,6.08,GB,1681677979
506,bomi,7.2461,-11.5258,26.74,86,100,1.31,SL,1681677980
507,ahuimanu,21.4447,-157.8378,27.84,69,0,5.14,US,1681677980
508,tabriz,38.08,46.2919,11.7,43,0,6.17,IR,1681677980
509,marystown,47.1666,-55.1483,4.64,71,16,3.53,CA,1681677981
510,nizwa,22.9333,57.5333,26.76,29,23,0.73,OM,1681677981
511,dingle,10.9995,122.6711,25.23,86,31,0.3,PH,1681677981
512,tanggul,-8.1645,113.4525,23.49,95,97,0.94,ID,1681677982
513,bunia,1.5667,30.25,18.91,81,100,1.36,CD,1681677982
514,arman,59.7,150.1667,-4.56,92,84,2.18,RU,1681677982
515,springbok,-29.6643,17.8865,19.75,12,0,3.02,ZA,1681677983
516,kajaani,64.2273,27.7285,-2.97,68,0,0.51,FI,1681677505
517,venezuela,8.0,-66.0,35.8,31,84,4.88,VE,1681677983
518,ciudad real,39.0,-4.0,13.9,41,3,1.66,ES,1681677984
519,sibu,2.3,111.8167,25.17,100,40,0.0,MY,1681677984
520,seka,17.9285,103.9552,25.19,82,73,1.68,TH,1681677984
521,marawi,7.9986,124.2928,20.19,92,55,0.99,PH,1681677985
522,westport,41.1415,-73.3579,22.04,79,40,4.63,US,1681677809
523,sur,22.5667,59.5289,27.08,64,0,1.41,OM,1681677389
524,osmena,10.5208,119.9258,27.63,71,89,0.57,PH,1681677986
525,maumere,-8.6199,122.2111,25.96,83,100,2.16,ID,1681677986
526,ormara,25.2088,64.6357,25.58,75,44,5.2,PK,1681677986
527,necochea,-38.5473,-58.7368,13.57,64,4,3.7,AR,1681677987
528,shimoda,34.6667,138.95,12.84,72,25,8.91,JP,1681677939
529,senanga,-16.1167,23.2667,19.75,49,36,3.23,ZM,1681677987
530,maniago,46.1706,12.7078,11.56,72,100,2.29,IT,1681677987
531,port hardy,50.6996,-127.4199,5.1,93,100,5.66,CA,1681677737
532,poum,-20.2333,164.0167,26.24,86,92,8.92,NC,1681677988
533,husavik,66.0449,-17.3389,4.74,93,100,3.9,IS,1681677988
534,drumheller,51.4617,-112.7101,17.63,19,8,3.6,CA,1681677937
535,santo estevao,-12.4303,-39.2514,25.9,57,67,4.23,BR,1681677860
536,kollam,8.8833,76.6,26.62,86,3,1.49,IN,1681677809
537,pacifica,37.6138,-122.4869,18.84,64,40,6.69,US,1681677990
538,parabel,58.6978,81.4825,-10.0,95,100,3.18,RU,1681677990
539,ayan,56.45,138.1667,-7.56,92,94,2.39,RU,1681677990
540,sungai besar,3.6746,100.9867,25.59,89,100,2.4,MY,1681677991
541,thunder bay,48.4001,-89.3168,-1.01,80,100,4.63,CA,1681677827
542,majene,-3.5403,118.9707,25.61,81,100,1.24,ID,1681677991
543,juneau,58.3019,-134.4197,9.12,76,75,4.12,US,1681677302
544,mbandaka,0.0487,18.2603,22.21,98,100,2.23,CD,1681677991
